Platform	Data type	Tissue origin	Tissue type	Sequencer run	Other characteristics	Sample name	IUS SWID	Fastqs	BAM
MiSeq	EX	Es	P	140411_M00753_0068_000000000		EAC13	N/A	/oicr/data/archive/m753/140411_M00753_0068_000000000-A4HUE/casava/2014041411_fastq/Project_EAC/Sample_EAC13/EAC13_ATGCCTAA_L001_R1_001.fastq.gz,/oicr/data/archive/m753/140411_M00753_0068_000000000-A4HUE/casava/2014041411_fastq/Project_EAC/Sample_EAC13/EAC13_ATGCCTAA_L001_R2_001.fastq.gz	/oicr/data/archive/m753/140411_M00753_0068_000000000-A4HUE/novoalign_trimmed/140411_M00753_0068_000000000-A4HUE_1_ATGCCTAA_EAC13.bam
MiSeq	EX	Es	P	140411_M00753_0068_000000000		EAC19	N/A	/oicr/data/archive/m753/140411_M00753_0068_000000000-A4HUE/casava/2014041411_fastq/Project_EAC/Sample_EAC19/EAC19_AGTGGTCA_L001_R1_001.fastq.gz,/oicr/data/archive/m753/140411_M00753_0068_000000000-A4HUE/casava/2014041411_fastq/Project_EAC/Sample_EAC19/EAC19_AGTGGTCA_L001_R2_001.fastq.gz	/oicr/data/archive/m753/140411_M00753_0068_000000000-A4HUE/novoalign/140411_M00753_0068_000000000-A4HUE_1_AGTGGTCA_EAC19.bam
MiSeq	EX	Es	P	140411_M00753_0068_000000000		EAC43	N/A	/oicr/data/archive/m753/140411_M00753_0068_000000000-A4HUE/casava/2014041411_fastq/Project_EAC/Sample_EAC43/EAC43_CATCAAGT_L001_R1_001.fastq.gz,/oicr/data/archive/m753/140411_M00753_0068_000000000-A4HUE/casava/2014041411_fastq/Project_EAC/Sample_EAC43/EAC43_CATCAAGT_L001_R2_001.fastq.gz	/oicr/data/archive/m753/140411_M00753_0068_000000000-A4HUE/novoalign/140411_M00753_0068_000000000-A4HUE_1_CATCAAGT_EAC43.bam
HiSeq	TS	Bm	X	140417_SN7001205_0212_BC4CAWACXX		HALT_0182_Bm_X_PE_392_TS	881967		
HiSeq	TS	Ly	R	130911_h239_0207_AC2D0EACXX		HALT_0182_Ly_R_PE_416_TS	609228		
HiSeq	TS	Pb	P	130820_SN801_0123_BD2BTMACXX		HALT_0182_Pb_P_PE_426_TS	588907		
HiSeq	WG	Pa	E	130116_h803_0107_AC1FYNACXX	flow-sorted	ASHPC_0002_Pa_E_PE_700_WG	477417		
HiSeq	WG	Pa	E	130116_h803_0107_AC1FYNACXX	flow-sorted	ASHPC_0002_Pa_E_PE_700_WG	477421		
HiSeq	WG	Pa	F	130116_h803_0108_BC1K2TACXX	flow-sorted	ASHPC_0002_Pa_F_PE_700_WG	477426		
HiSeq	WG	Pa	P	130109_SN801_0093_AC1G4FACXX	flow-sorted	ASHPC_0002_Pa_P_PE_700_WG	473630		
HiSeq	WG	Pa	P	130116_h803_0108_BC1K2TACXX	flow-sorted	ASHPC_0002_Pa_P_PE_700_WG	477440		
HiSeq	WG	Pa	R	130109_SN801_0093_AC1G4FACXX	flow-sorted	ASHPC_0002_Pa_R_PE_700_WG	473624		
HiSeq	WG	Pa	R	130116_h803_0107_AC1FYNACXX	flow-sorted	ASHPC_0002_Pa_R_PE_700_WG	477409		
HiSeq	WG	Ly	R	110916_SN804_0064_AD04TBACXX	bulk	PCSI_0106_Ly_R_PE_260_WG	9845		
HiSeq	WG	Ly	R	120214_h803_0083_AC0C70ACXX	bulk	PCSI_0106_Ly_R_PE_480_WG	133342		
HiSeq	WG	Pa	P	121004_h803_0098_AC14CCACXX	bulk	PCSI_0106_Pa_P_PE_604_WG	284276		
HiSeq	WG	Pa	P	120808_SN1068_0094_AC078AACXX	bulk	PCSI_0106_Pa_P_PE_700_WG	270637		
HiSeq	WG	Ly	R	130628_SN7001205_0154_BC27G5ACXX	lcm	PCSI_0312_Ly_R_PE_659_WG	574440		
HiSeq	WG	Ly	R	131022_h239_0212_BC2LAGACXX	lcm	PCSI_0312_Ly_R_PE_659_WG	872023		
HiSeq	WG	Pa	P	130611_SN203_0180_AC28V9ACXX	lcm	PCSI_0312_Pa_P_PE_604_WG	557970		
HiSeq	WG	Pa	P	130619_SN801_0113_AC25LAACXX	lcm	PCSI_0312_Pa_P_PE_604_WG	871882		
HiSeq	WG	Ly	R	140327_SN801_0161_AC3J24ACXX	ffpe	CPCG_9005_Ly_R_PE_551_WG	860477		
HiSeq	WG	Ly	R	140415_SN7001179_0184_AC4DRAACXX	ffpe	CPCG_9005_Ly_R_PE_551_WG	878308		
HiSeq	WG	Pr	P	140327_SN801_0162_BC3RMVACXX	ffpe	CPCG_9005_Pr_P_PE_299_WG	860475		
HiSeq	WG	Pr	P	140318_h803_0178_AC3AALACXX	ffpe	CPCG_9005_Pr_P_PE_363_WG	853656		
HiSeq	WG	Ly	R	140325_SN7001179_0176_BC3RL5ACXX	fresh frozen	CPCG_0350_Ly_R_PE_576_WG	858709		
HiSeq	WG	Ly	R	140326_h239_0244_AC3J2KACXX	fresh frozen	CPCG_0350_Ly_R_PE_617_WG	860517		
HiSeq	WG	Pr	P	130823_SN804_0129_BD2BKLACXX	fresh frozen	CPCG_0350_Pr_P_PE_642_WG	591274		
HiSeq	WG	Pr	P	130906_SN804_0131_BC2L9NACXX	fresh frozen	CPCG_0350_Pr_P_PE_653_WG	602343		
HiSeq	WG	Bm	X	130124_SN802_0103_BC0M4GACXX	Actually xenograft	OTIC_0002_Bm_P_PE_985_WG	488084		
HiSeq	WG	Bm	X	130124_SN802_0103_BC0M4GACXX	Actually xenograft	OTIC_0002_Bm_P_PE_707_WG	488070		
HiSeq	WT	Es	P	140414_SN804_0187_AC4DTLACXX		EAC_0001_Es_P_PE_399_WT	878397		
HiSeq	WT	Es	P	140414_SN804_0187_AC4DTLACXX		EAC_0011_Es_P_PE_293_WT	878403		
HiSeq	WT	Es	P	140417_SN802_0174_AC4CUHACXX		EAC_0031_Es_P_PE_350_WT	887272		
HiSeq	WT	Es	P	140417_SN802_0174_AC4CUHACXX		EAC_0041_Es_P_PE_299_WT	887260		
